[
    {
        "type": "Question_type.MATH",
        "question": "What is 2 + 2?",
        "correct_answer": 4
    },
    {
        "type": "Question_type.MATH",
        "question": "What is \"2\" + \"2\"?",
        "correct_answer": 22
    },
    {
        "type": "Question_type.MATH",
        "question": "What is 3 / 2?",
        "correct_answer": 1.5
    },
    {
        "type": "Question_type.MATH",
        "question": "What is 3 // 2?",
        "correct_answer": 1
    },
    {
        "type": "Question_type.MATH",
        "question": "What is 2 ** 3?",
        "correct_answer": 8
    },
    {
        "type": "Question_type.TEXT",
        "question": "What is an apple worm's favorite fruit?",
        "correct_answer": "apple"
    },
    {
        "type": "Question_type.DATE",
        "question": "What date was the 1000th birthday of Hungary (YYYY-MM-DD)?",
        "correct_answer": "2000-08-20"
    }
]
